{"message_ids": {"om_x100b6a6f8232b0a8debbb88f7833975": 1784003791.7587433, "om_x100b6a69cadf00a8dda8d3791438fff": 1784010816.8740075, "om_x100b6a69e91a44a4debf6f3d17bab0f": 1784011389.1437569, "om_x100b6a6aaaaaf0a0c451eb636d93007": 1784016454.178895, "om_x100b6a54566d54b0df36d08ff31fad4": 1784021385.6514971, "om_x100b6a59758494a0b2a42654630c204": 1784075189.616711, "om_x100b6a5985aa50b8de00d7a9a5026bc": 1784077496.1432211}}