{"message_ids": {"om_x100b6a7101fd84b0b2b9df54f32c2f0": 1783911668.0193377, "om_x100b6a712e88fca0b2c11e738b6d3bb": 1783911941.2067835, "om_x100b6a712bd5c890b170fd95b52e769": 1783912018.4136922, "om_x100b6a712639c0b4b168deb7cecad36": 1783912080.006839, "om_x100b6a71e84cc4b0b294cee6f0b8723": 1783913064.9130151, "om_x100b6a71e0c4c0b4b2a9575eb3e8b33": 1783913185.1906414, "om_x100b6a72740298b8b48d32db7ccc743": 1783915437.5603921, "om_x100b6a721503aca0b4c7c1f11dfa8ed": 1783915965.4068933, "om_x100b6a73540348a4b170979b4f082cc": 1783919021.511781, "om_x100b6a7d1b419c90b17a8fd178f5034": 1783928153.2500236, "om_x100b6a7d8bd468b4b125ffd76a7b8a4": 1783929938.4211044, "om_x100b6a7d879bd8a4b043561c8d8c038": 1783930006.1120186, "om_x100b6a7da4e59c80b1674eaf09983f9": 1783930532.0609496, "om_x100b6a7e6ee3ae3cc451710f4b4dc11": 1783931395.447108, "om_x100b6a7e7bde30b4c3d9e6a12c9222b": 1783931729.6360927, "om_x100b6a7fce545cbcb210893d95f4925": 1783937033.9451792, "om_x100b6a7a685f18a4b1a3db1d3cdf3fe": 1783947881.2798615, "om_x100b6a7a72ae18b4b4abbcda8516588": 1783948230.5948703, "om_x100b6a7a08278534b4cec4c8c1488ff": 1783948398.7576878, "om_x100b6a7a2b5808b8b1c108d3032c5c8": 1783948889.4360645, "om_x100b6a7a3fd498a8b4947f546f34b3d": 1783949073.6238961, "om_x100b6a6f8232b0a8debbb88f7833975": 1784003791.7587433, "om_x100b6a69cadf00a8dda8d3791438fff": 1784010816.8740075, "om_x100b6a69e91a44a4debf6f3d17bab0f": 1784011389.1437569, "om_x100b6a6aaaaaf0a0c451eb636d93007": 1784016454.178895, "om_x100b6a54566d54b0df36d08ff31fad4": 1784021385.6514971}}