{"message_ids": {"om_x100b6a7101fd84b0b2b9df54f32c2f0": 1783911668.0193377, "om_x100b6a712e88fca0b2c11e738b6d3bb": 1783911941.2067835, "om_x100b6a712bd5c890b170fd95b52e769": 1783912018.4136922, "om_x100b6a712639c0b4b168deb7cecad36": 1783912080.006839, "om_x100b6a71e84cc4b0b294cee6f0b8723": 1783913064.9130151, "om_x100b6a71e0c4c0b4b2a9575eb3e8b33": 1783913185.1906414, "om_x100b6a72740298b8b48d32db7ccc743": 1783915437.5603921, "om_x100b6a721503aca0b4c7c1f11dfa8ed": 1783915965.4068933, "om_x100b6a73540348a4b170979b4f082cc": 1783919021.511781, "om_x100b6a7d1b419c90b17a8fd178f5034": 1783928153.2500236, "om_x100b6a7d8bd468b4b125ffd76a7b8a4": 1783929938.4211044, "om_x100b6a7d879bd8a4b043561c8d8c038": 1783930006.1120186, "om_x100b6a7da4e59c80b1674eaf09983f9": 1783930532.0609496, "om_x100b6a7e6ee3ae3cc451710f4b4dc11": 1783931395.447108, "om_x100b6a7e7bde30b4c3d9e6a12c9222b": 1783931729.6360927, "om_x100b6a7fce545cbcb210893d95f4925": 1783937033.9451792}}